company,founded,employees,funding_raised,valuation,industry,revenue_2024,growth_rate
QuantumLeap AI,2022,45,12500000,85000000,Artificial Intelligence,3200000,340
BioSynth Labs,2021,78,25000000,150000000,Biotechnology,8900000,210
CyberShield Pro,2023,32,8000000,45000000,Cybersecurity,1800000,890
GreenEnergy Plus,2020,120,45000000,320000000,Clean Energy,22000000,85
SpaceLogistics Co,2019,95,35000000,280000000,Aerospace,18500000,125
NeuroLink Dynamics,2022,67,18000000,95000000,Medical Tech,4700000,280
CloudVault Systems,2021,89,22000000,140000000,Cloud Storage,12300000,195
RoboTech Industries,2020,156,38000000,250000000,Robotics,15800000,167
DataFlow Analytics,2023,28,6500000,35000000,Data Analytics,950000,720
VirtReality Pro,2022,54,14000000,75000000,Virtual Reality,2800000,420
AutoDrive Tech,2019,203,85000000,580000000,Autonomous Vehicles,45000000,98
FoodTech Innovations,2021,72,19500000,110000000,Food Technology,6200000,245
FinanceAI Corp,2020,134,42000000,290000000,Financial Technology,28500000,156
HealthMonitor Plus,2022,41,11000000,62000000,Health Tech,2100000,380
EcoMaterials Lab,2021,63,16800000,95000000,Sustainable Materials,4900000,290
CryptoSecure Solutions,2023,35,9200000,48000000,Blockchain Security,1400000,650
SmartHome Dynamics,2020,98,28000000,185000000,IoT,13700000,178
SpaceMining Corp,2019,187,75000000,520000000,Space Technology,32000000,89
GenTherapy Advances,2021,85,31000000,190000000,Gene Therapy,7800000,265
QuantumCompute Systems,2020,112,55000000,380000000,Quantum Computing,19200000,142
OceanTech Solutions,2022,46,13500000,72000000,Marine Technology,2600000,410
SolarCell Innovations,2021,76,21000000,125000000,Solar Energy,8900000,220
NanoMed Research,2023,29,7800000,42000000,Nanotechnology,1100000,780
AgriDrone Systems,2020,91,24500000,160000000,Agricultural Technology,11200000,185
BrainWave Technologies,2022,58,15800000,88000000,Neurotechnology,3400000,350
CleanWater Innovations,2021,67,18200000,105000000,Water Technology,5600000,275
AIVision Systems,2023,38,10500000,55000000,Computer Vision,1700000,620
EnergyStorage Pro,2020,104,32000000,210000000,Battery Technology,16800000,148
TeleHealth Connect,2021,82,23500000,145000000,Telemedicine,9400000,230
SmartGrid Solutions,2022,71,20000000,118000000,Energy Management,6800000,310
BioFuel Dynamics,2020,125,39000000,270000000,Biofuel Technology,21500000,134